date,time,combined_date,SolarRadiation,Precipitation,HCAirTemperatureOp1,HCAirTemperatureOp2,HCAirTemperatureOp3
01/05/2016,00:00:00,01/05/2016 00:00,0,0,12.2,11.8,12.5
01/05/2016,01:00:00,01/05/2016 01:00,0,0,12.3,11.7,12.9
01/05/2016,02:00:00,01/05/2016 02:00,0,0,11,10.1,11.7
01/05/2016,03:00:00,01/05/2016 03:00,0,0,9.7,9.3,10
01/05/2016,04:00:00,01/05/2016 04:00,0,0,9.3,9,9.8
01/05/2016,05:00:00,01/05/2016 05:00,0,0,8.9,8.6,9.3
01/05/2016,06:00:00,01/05/2016 06:00,63,0,10.1,9.3,11
01/05/2016,07:00:00,01/05/2016 07:00,210,0,11.9,10.9,13
01/05/2016,08:00:00,01/05/2016 08:00,398,0,14.2,13.4,15.1
01/05/2016,09:00:00,01/05/2016 09:00,568,0,15.9,15.1,16.6
01/05/2016,10:00:00,01/05/2016 10:00,673,0,17.4,16.7,17.9
01/05/2016,11:00:00,01/05/2016 11:00,757,0,18.3,17.4,19.4
01/05/2016,12:00:00,01/05/2016 12:00,731,0,19,18.3,20.3
01/05/2016,13:00:00,01/05/2016 13:00,514,0,19.4,18.4,20.8
01/05/2016,14:00:00,01/05/2016 14:00,594,0,19.6,18.8,20.7
01/05/2016,15:00:00,01/05/2016 15:00,508,0,19.7,18.8,20.4
01/05/2016,16:00:00,01/05/2016 16:00,201,0,19.8,18.8,20.8
01/05/2016,17:00:00,01/05/2016 17:00,116,0,19.6,19,20
01/05/2016,18:00:00,01/05/2016 18:00,63,0,18.7,18.2,19.2
01/05/2016,19:00:00,01/05/2016 19:00,22,0,17.2,15.8,18
01/05/2016,20:00:00,01/05/2016 20:00,0,0,14.9,14.1,15.7
01/05/2016,21:00:00,01/05/2016 21:00,0,0,12.9,12.1,14
01/05/2016,22:00:00,01/05/2016 22:00,0,0,11.4,10.7,12.2
01/05/2016,23:00:00,01/05/2016 23:00,0,0,10.5,9.7,11.3
02/05/2016,00:00:00,02/05/2016 00:00,0,0,10.8,9.9,11.3
02/05/2016,01:00:00,02/05/2016 01:00,0,0,10.4,10.1,10.7
02/05/2016,02:00:00,02/05/2016 02:00,0,0,10.2,9.9,10.5
02/05/2016,03:00:00,02/05/2016 03:00,0,0,9.8,9.5,10.3
02/05/2016,04:00:00,02/05/2016 04:00,0,0,9.1,8.4,10
02/05/2016,05:00:00,02/05/2016 05:00,0,0,8.9,8.3,9.3
02/05/2016,06:00:00,02/05/2016 06:00,64,0,10.6,9.5,11.5
02/05/2016,07:00:00,02/05/2016 07:00,214,0,12.7,11.8,13.6
02/05/2016,08:00:00,02/05/2016 08:00,404,0,15.2,13.8,16.5
02/05/2016,09:00:00,02/05/2016 09:00,574,0,17.5,16.5,18.5
02/05/2016,10:00:00,02/05/2016 10:00,735,0,18.7,18.1,19.2
02/05/2016,11:00:00,02/05/2016 11:00,826,0,19.5,19.1,20.2
02/05/2016,12:00:00,02/05/2016 12:00,795,0,19.8,19.3,20.5
02/05/2016,13:00:00,02/05/2016 13:00,784,0,20.4,19.9,21
02/05/2016,14:00:00,02/05/2016 14:00,805,0,20.8,20.2,21.4
02/05/2016,15:00:00,02/05/2016 15:00,652,0,21,20.4,21.6
02/05/2016,16:00:00,02/05/2016 16:00,148,0,20.6,19.9,21.1
02/05/2016,17:00:00,02/05/2016 17:00,62,0,20.2,19.4,20.8
02/05/2016,18:00:00,02/05/2016 18:00,64,0,19,18.3,19.6
02/05/2016,19:00:00,02/05/2016 19:00,13,0,16.5,15.1,18.1
02/05/2016,20:00:00,02/05/2016 20:00,0,0,14.3,13.5,15.1
02/05/2016,21:00:00,02/05/2016 21:00,0,0,12.8,12.3,13.5
02/05/2016,22:00:00,02/05/2016 22:00,0,0,11.3,10.4,12.1
02/05/2016,23:00:00,02/05/2016 23:00,0,0,9.8,9.4,10.4
03/05/2016,00:00:00,03/05/2016 00:00,0,0,8.8,8,9.9
03/05/2016,01:00:00,03/05/2016 01:00,0,0,8,7.2,8.4
03/05/2016,02:00:00,03/05/2016 02:00,0,0,7.5,7.2,8.1
03/05/2016,03:00:00,03/05/2016 03:00,0,0,7,6.7,7.3
03/05/2016,04:00:00,03/05/2016 04:00,0,0,7.2,6.8,7.4
03/05/2016,05:00:00,03/05/2016 05:00,11,0,7.3,6.8,8.4
03/05/2016,06:00:00,03/05/2016 06:00,101,0,9.6,8.6,10.5
03/05/2016,07:00:00,03/05/2016 07:00,230,0,12.3,10.5,14
03/05/2016,08:00:00,03/05/2016 08:00,274,0,14.7,13.9,15.5
03/05/2016,09:00:00,03/05/2016 09:00,535,0,17.3,16,18.7
03/05/2016,10:00:00,03/05/2016 10:00,681,0,19.2,18.3,19.9
03/05/2016,11:00:00,03/05/2016 11:00,729,0,20,19.4,20.8
03/05/2016,12:00:00,03/05/2016 12:00,819,0,20.8,20.4,21.3
03/05/2016,13:00:00,03/05/2016 13:00,765,0,21.2,20.6,21.9
03/05/2016,14:00:00,03/05/2016 14:00,584,0,21,20.6,21.4
03/05/2016,15:00:00,03/05/2016 15:00,442,0,20.8,20.2,21.3
03/05/2016,16:00:00,03/05/2016 16:00,259,0,20.3,20.1,20.6
03/05/2016,17:00:00,03/05/2016 17:00,163,0,19.6,19.2,19.9
03/05/2016,18:00:00,03/05/2016 18:00,89,0,18.7,18.3,19
03/05/2016,19:00:00,03/05/2016 19:00,20,0,17.4,16.6,18.2
03/05/2016,20:00:00,03/05/2016 20:00,0,0,15.6,15,16.6
03/05/2016,21:00:00,03/05/2016 21:00,0,0,14.4,13.7,15.1
03/05/2016,22:00:00,03/05/2016 22:00,0,0,13.9,13.6,14.1
03/05/2016,23:00:00,03/05/2016 23:00,0,0,13.4,13.2,13.7
04/05/2016,00:00:00,04/05/2016 00:00,0,0,13,12.8,13.3
04/05/2016,01:00:00,04/05/2016 01:00,0,0,12.5,12.2,12.8
04/05/2016,02:00:00,04/05/2016 02:00,0,0,11.8,11.7,12
04/05/2016,03:00:00,04/05/2016 03:00,0,0,11.7,11.6,11.8
04/05/2016,04:00:00,04/05/2016 04:00,0,0,11.6,11.5,11.8
04/05/2016,05:00:00,04/05/2016 05:00,0,0,11.2,11,11.5
04/05/2016,06:00:00,04/05/2016 06:00,36,0,11.3,11.1,11.6
04/05/2016,07:00:00,04/05/2016 07:00,76,0,11.9,11.7,12.2
04/05/2016,08:00:00,04/05/2016 08:00,147,0,12.8,12.3,13.8
04/05/2016,09:00:00,04/05/2016 09:00,293,0,14.7,14,15.4
04/05/2016,10:00:00,04/05/2016 10:00,336,0,15.6,15.2,15.9
04/05/2016,11:00:00,04/05/2016 11:00,289,0,15.9,15.6,16.2
04/05/2016,12:00:00,04/05/2016 12:00,314,0.2,16.1,15.7,16.7
04/05/2016,13:00:00,04/05/2016 13:00,379,0,17.1,16.8,17.5
04/05/2016,14:00:00,04/05/2016 14:00,337,0,17.5,17.1,18.1
04/05/2016,15:00:00,04/05/2016 15:00,231,0,17.4,17.3,17.7
04/05/2016,16:00:00,04/05/2016 16:00,76,0,16.9,16.6,17.3
04/05/2016,17:00:00,04/05/2016 17:00,52,0,16,15.2,16.5
04/05/2016,18:00:00,04/05/2016 18:00,22,0,16.5,16.2,16.7
04/05/2016,19:00:00,04/05/2016 19:00,0,0,15.3,13.7,16.3
04/05/2016,20:00:00,04/05/2016 20:00,0,0,13,12.3,13.6
04/05/2016,21:00:00,04/05/2016 21:00,0,0,12.4,12.4,12.5
04/05/2016,22:00:00,04/05/2016 22:00,0,0,12.5,12.3,12.8
04/05/2016,23:00:00,04/05/2016 23:00,0,0,12.7,12.5,12.8
05/05/2016,00:00:00,05/05/2016 00:00,0,0,12.3,12,12.6
05/05/2016,01:00:00,05/05/2016 01:00,0,0.2,12.2,12.1,12.3
05/05/2016,02:00:00,05/05/2016 02:00,0,0.2,12,11.8,12.2
05/05/2016,03:00:00,05/05/2016 03:00,0,0.4,11.9,11.6,12.3
05/05/2016,04:00:00,05/05/2016 04:00,0,0.8,11.6,11.4,11.8
05/05/2016,05:00:00,05/05/2016 05:00,0,0.6,11.5,11.2,11.9
05/05/2016,06:00:00,05/05/2016 06:00,4,0.4,11.4,11.2,11.7
05/05/2016,07:00:00,05/05/2016 07:00,46,0.2,11.9,11.7,12.1
05/05/2016,08:00:00,05/05/2016 08:00,61,1,12.2,12.1,12.4
05/05/2016,09:00:00,05/05/2016 09:00,76,1.8,12.3,12.1,12.6
05/05/2016,10:00:00,05/05/2016 10:00,134,1,12.6,12.3,12.8
05/05/2016,11:00:00,05/05/2016 11:00,211,0.8,13.4,12.8,13.9
05/05/2016,12:00:00,05/05/2016 12:00,215,0.6,14.3,13.6,14.9
05/05/2016,13:00:00,05/05/2016 13:00,209,0.6,14.7,14.1,15.7
05/05/2016,14:00:00,05/05/2016 14:00,405,0,16.7,15.7,17.4
05/05/2016,15:00:00,05/05/2016 15:00,235,0.2,15.1,13,17.6
05/05/2016,16:00:00,05/05/2016 16:00,134,0,13.9,13.2,14.8
05/05/2016,17:00:00,05/05/2016 17:00,146,0,15.2,14.8,15.5
05/05/2016,18:00:00,05/05/2016 18:00,73,0,14.9,14.6,15.3
05/05/2016,19:00:00,05/05/2016 19:00,13,0,13.9,13.4,14.5
05/05/2016,20:00:00,05/05/2016 20:00,0,0,12.8,12.3,13.4
05/05/2016,21:00:00,05/05/2016 21:00,0,0,12.4,12.2,12.6
05/05/2016,22:00:00,05/05/2016 22:00,0,0,11.8,11.6,12.1
05/05/2016,23:00:00,05/05/2016 23:00,0,0,11.4,10.9,11.7
06/05/2016,00:00:00,06/05/2016 00:00,0,0,10.9,10.7,11.2
06/05/2016,01:00:00,06/05/2016 01:00,0,0,11.3,11.2,11.6
06/05/2016,02:00:00,06/05/2016 02:00,0,0,11.2,10.3,11.8
06/05/2016,03:00:00,06/05/2016 03:00,0,0,11.4,10.5,11.8
06/05/2016,04:00:00,06/05/2016 04:00,0,0,10.8,10.4,11.2
06/05/2016,05:00:00,06/05/2016 05:00,0,0,9.9,9.6,10.3
06/05/2016,06:00:00,06/05/2016 06:00,29,0,10.4,9.7,11.2
06/05/2016,07:00:00,06/05/2016 07:00,136,0,12.2,11.3,13.2
06/05/2016,08:00:00,06/05/2016 08:00,212,0,13.6,13.2,13.9
06/05/2016,09:00:00,06/05/2016 09:00,399,0,14.6,13.7,15.1
06/05/2016,10:00:00,06/05/2016 10:00,566,0,16.1,15.2,17.2
06/05/2016,11:00:00,06/05/2016 11:00,777,0,17.5,17.1,17.8
06/05/2016,12:00:00,06/05/2016 12:00,729,0,17.9,17.2,18.9
06/05/2016,13:00:00,06/05/2016 13:00,877,0,19.2,18.7,19.9
06/05/2016,14:00:00,06/05/2016 14:00,747,0,19.8,18.8,20.6
06/05/2016,15:00:00,06/05/2016 15:00,429,0,18.4,13.9,20.6
06/05/2016,16:00:00,06/05/2016 16:00,38,0.8,12,11.5,13.6
06/05/2016,17:00:00,06/05/2016 17:00,58,0.6,11.5,11.3,11.8
06/05/2016,18:00:00,06/05/2016 18:00,59,0,11.9,11.8,12.2
06/05/2016,19:00:00,06/05/2016 19:00,67,0,12.8,12.4,13.1
06/05/2016,20:00:00,06/05/2016 20:00,0,0,11.7,11,12.2
06/05/2016,21:00:00,06/05/2016 21:00,0,0,10.7,10.2,11.2
06/05/2016,22:00:00,06/05/2016 22:00,0,0,10.4,10.3,10.4
06/05/2016,23:00:00,06/05/2016 23:00,0,0,10.2,10,10.3
07/05/2016,00:00:00,07/05/2016 00:00,0,0,9.7,9,10.2
07/05/2016,01:00:00,07/05/2016 01:00,0,0,8.6,8.3,9
07/05/2016,02:00:00,07/05/2016 02:00,0,0,8.9,8.7,9.2
07/05/2016,03:00:00,07/05/2016 03:00,0,0,9.3,9.2,9.4
07/05/2016,04:00:00,07/05/2016 04:00,0,0,9.2,8.6,9.6
07/05/2016,05:00:00,07/05/2016 05:00,14,0,8.5,8.3,8.8
07/05/2016,06:00:00,07/05/2016 06:00,84,0,9.4,8.7,10.4
07/05/2016,07:00:00,07/05/2016 07:00,241,0,12.3,10.8,13.6
07/05/2016,08:00:00,07/05/2016 08:00,186,0,13.2,13,13.6
07/05/2016,09:00:00,07/05/2016 09:00,498,0,15.2,14,16.1
07/05/2016,10:00:00,07/05/2016 10:00,525,0,16.3,15.8,16.9
07/05/2016,11:00:00,07/05/2016 11:00,684,0,17.3,16.5,18.3
07/05/2016,12:00:00,07/05/2016 12:00,712,0,18.2,17.4,19.5
07/05/2016,13:00:00,07/05/2016 13:00,689,0,18.8,18,19.9
07/05/2016,14:00:00,07/05/2016 14:00,701,0,19.3,18.6,20.1
07/05/2016,15:00:00,07/05/2016 15:00,201,0,17.9,16.8,19
07/05/2016,16:00:00,07/05/2016 16:00,241,0,18.5,16.9,19.6
07/05/2016,17:00:00,07/05/2016 17:00,86,0,18.8,18.5,19.5
07/05/2016,18:00:00,07/05/2016 18:00,58,0,17.9,17.1,18.6
07/05/2016,19:00:00,07/05/2016 19:00,22,0,16.2,15.3,17
07/05/2016,20:00:00,07/05/2016 20:00,0,0,14.3,13.2,15.3
07/05/2016,21:00:00,07/05/2016 21:00,0,0,12.3,11.6,13
07/05/2016,22:00:00,07/05/2016 22:00,0,0,11.1,10.5,11.7
07/05/2016,23:00:00,07/05/2016 23:00,0,0,9.9,9.4,10.6
08/05/2016,00:00:00,08/05/2016 00:00,0,0,9.4,9,9.8
08/05/2016,01:00:00,08/05/2016 01:00,0,0,8.6,8,9.1
08/05/2016,02:00:00,08/05/2016 02:00,0,0,8,7.6,8.4
08/05/2016,03:00:00,08/05/2016 03:00,0,0,7.8,7.3,8.3
08/05/2016,04:00:00,08/05/2016 04:00,0,0,7,6.4,7.5
08/05/2016,05:00:00,08/05/2016 05:00,4,0,6.8,6.4,7.5
08/05/2016,06:00:00,08/05/2016 06:00,75,0,8.6,7.6,10.1
08/05/2016,07:00:00,08/05/2016 07:00,222,0,12.4,10.4,14.1
08/05/2016,08:00:00,08/05/2016 08:00,420,0,15.2,13.8,16.6
08/05/2016,09:00:00,08/05/2016 09:00,579,0,17.4,16.7,17.9
08/05/2016,10:00:00,08/05/2016 10:00,725,0,18.8,17.8,19.3
08/05/2016,11:00:00,08/05/2016 11:00,783,0,19.6,18.9,20.4
08/05/2016,12:00:00,08/05/2016 12:00,873,0,20.8,19.9,21.8
08/05/2016,13:00:00,08/05/2016 13:00,798,0,21.6,20.1,22.4
08/05/2016,14:00:00,08/05/2016 14:00,768,0,21.9,21.4,22.4
08/05/2016,15:00:00,08/05/2016 15:00,738,0,22.2,22,22.7
08/05/2016,16:00:00,08/05/2016 16:00,242,0,21.7,21.1,22.5
08/05/2016,17:00:00,08/05/2016 17:00,128,0,19.8,19.4,21.9
08/05/2016,18:00:00,08/05/2016 18:00,122,0,19.3,18.8,19.7
08/05/2016,19:00:00,08/05/2016 19:00,33,0,17.3,16.6,18.3
08/05/2016,20:00:00,08/05/2016 20:00,0,0,15.8,15.2,16.5
08/05/2016,21:00:00,08/05/2016 21:00,0,0,14.6,13.8,15
08/05/2016,22:00:00,08/05/2016 22:00,0,0,13.1,12.3,13.6
08/05/2016,23:00:00,08/05/2016 23:00,0,0,12.1,12,12.2
09/05/2016,00:00:00,09/05/2016 00:00,0,0,11.1,9.9,11.9
09/05/2016,01:00:00,09/05/2016 01:00,0,0,10.2,9.8,10.6
09/05/2016,02:00:00,09/05/2016 02:00,0,0,10.7,10.3,11.1
09/05/2016,03:00:00,09/05/2016 03:00,0,0,9.6,9.1,10
09/05/2016,04:00:00,09/05/2016 04:00,0,0,9.5,9.2,9.9
09/05/2016,05:00:00,09/05/2016 05:00,6,0,9.5,9.1,10.2
09/05/2016,06:00:00,09/05/2016 06:00,79,0,11.7,10.3,13.4
09/05/2016,07:00:00,09/05/2016 07:00,238,0,14.8,13.8,16.1
09/05/2016,08:00:00,09/05/2016 08:00,418,0,17.4,16.2,19.1
09/05/2016,09:00:00,09/05/2016 09:00,562,0,20.4,19.4,21.4
09/05/2016,10:00:00,09/05/2016 10:00,420,0,20.8,20.3,21.2
09/05/2016,11:00:00,09/05/2016 11:00,500,0,21.6,20.3,23.2
09/05/2016,12:00:00,09/05/2016 12:00,649,0,22.7,21.6,23.6
09/05/2016,13:00:00,09/05/2016 13:00,781,0,23.4,22.5,24.3
09/05/2016,14:00:00,09/05/2016 14:00,643,0,23.9,22.6,25.3
09/05/2016,15:00:00,09/05/2016 15:00,438,0,23.6,22.1,25.5
09/05/2016,16:00:00,09/05/2016 16:00,223,0,23.7,22.5,26.4
09/05/2016,17:00:00,09/05/2016 17:00,59,0,23.8,23.6,24.4
09/05/2016,18:00:00,09/05/2016 18:00,94,0,23.1,22.5,23.6
09/05/2016,19:00:00,09/05/2016 19:00,19,0,21.1,20.1,22.4
09/05/2016,20:00:00,09/05/2016 20:00,0,0,18,16.9,20.2
09/05/2016,21:00:00,09/05/2016 21:00,0,0,15.9,15.1,17
09/05/2016,22:00:00,09/05/2016 22:00,0,0,14.8,14.3,15.3
09/05/2016,23:00:00,09/05/2016 23:00,0,0,14.6,14,15.1
10/05/2016,00:00:00,10/05/2016 00:00,0,0,13.5,12.7,14.2
10/05/2016,01:00:00,10/05/2016 01:00,0,0,13.7,13.3,14.1
10/05/2016,02:00:00,10/05/2016 02:00,0,0,13.6,13.3,14
10/05/2016,03:00:00,10/05/2016 03:00,0,0,13.3,12.3,13.8
10/05/2016,04:00:00,10/05/2016 04:00,0,0,12,11.6,12.2
10/05/2016,05:00:00,10/05/2016 05:00,5,0,12,11.7,12.2
10/05/2016,06:00:00,10/05/2016 06:00,80,0,13.2,12.2,14.6
10/05/2016,07:00:00,10/05/2016 07:00,239,0,15.5,14.7,16.4
10/05/2016,08:00:00,10/05/2016 08:00,416,0,17.9,16.5,19.4
10/05/2016,09:00:00,10/05/2016 09:00,578,0,21.1,20.1,21.9
10/05/2016,10:00:00,10/05/2016 10:00,725,0,22.2,21.7,22.8
10/05/2016,11:00:00,10/05/2016 11:00,785,0,23,22.1,23.9
10/05/2016,12:00:00,10/05/2016 12:00,837,0,23.5,22.8,24.4
10/05/2016,13:00:00,10/05/2016 13:00,306,1.2,20.6,15.7,24.3
10/05/2016,14:00:00,10/05/2016 14:00,143,0.4,17.2,15.9,18.4
10/05/2016,15:00:00,10/05/2016 15:00,37,0,16.9,15.4,18.3
10/05/2016,16:00:00,10/05/2016 16:00,52,0,16.3,15.8,17.1
10/05/2016,17:00:00,10/05/2016 17:00,136,0,17.5,17.2,17.8
10/05/2016,18:00:00,10/05/2016 18:00,101,0,17.2,17,17.5
10/05/2016,19:00:00,10/05/2016 19:00,12,0,16.4,15.8,17.1
10/05/2016,20:00:00,10/05/2016 20:00,0,0,15.3,14.6,15.9
10/05/2016,21:00:00,10/05/2016 21:00,0,0,14.3,14,14.6
10/05/2016,22:00:00,10/05/2016 22:00,0,0,13.9,13.6,14.2
10/05/2016,23:00:00,10/05/2016 23:00,0,0,13.3,12.9,13.6
11/05/2016,00:00:00,11/05/2016 00:00,0,0,12.7,12.3,13
11/05/2016,01:00:00,11/05/2016 01:00,0,0,12.2,12.1,12.3
11/05/2016,02:00:00,11/05/2016 02:00,0,0,11.9,11.6,12.1
11/05/2016,03:00:00,11/05/2016 03:00,0,0,11.4,11.4,11.6
11/05/2016,04:00:00,11/05/2016 04:00,0,0,11.4,11.3,11.6
11/05/2016,05:00:00,11/05/2016 05:00,0,0,11.4,11.2,11.6
11/05/2016,06:00:00,11/05/2016 06:00,34,0,11.9,11.7,12.2
11/05/2016,07:00:00,11/05/2016 07:00,52,0.4,12.5,12.2,12.8
11/05/2016,08:00:00,11/05/2016 08:00,117,1.4,12.9,12.6,13.3
11/05/2016,09:00:00,11/05/2016 09:00,271,0.2,14,13.2,14.3
11/05/2016,10:00:00,11/05/2016 10:00,149,0.2,14.5,14.3,14.8
11/05/2016,11:00:00,11/05/2016 11:00,266,0.2,15.2,14.6,15.4
11/05/2016,12:00:00,11/05/2016 12:00,250,0,15.8,15.1,16.2
11/05/2016,13:00:00,11/05/2016 13:00,121,3.2,15.5,14.9,16.2
11/05/2016,14:00:00,11/05/2016 14:00,82,6.8,14.8,14.6,15.2
11/05/2016,15:00:00,11/05/2016 15:00,176,0.2,15.6,14.7,16.2
11/05/2016,16:00:00,11/05/2016 16:00,94,4.6,15.6,14.5,16.4
11/05/2016,17:00:00,11/05/2016 17:00,120,0.2,15.1,14.5,15.6
11/05/2016,18:00:00,11/05/2016 18:00,104,0,15.8,15.6,16.1
11/05/2016,19:00:00,11/05/2016 19:00,21,0,15.8,15.5,16
11/05/2016,20:00:00,11/05/2016 20:00,0,0,15.2,15.1,15.6
11/05/2016,21:00:00,11/05/2016 21:00,0,0.2,14.9,14.8,15.1
11/05/2016,22:00:00,11/05/2016 22:00,0,0,14.7,14.6,14.8
11/05/2016,23:00:00,11/05/2016 23:00,0,0,14.3,14.2,14.5
12/05/2016,00:00:00,12/05/2016 00:00,0,0,14,13.9,14.2
12/05/2016,01:00:00,12/05/2016 01:00,0,0,13.7,13.6,14
12/05/2016,02:00:00,12/05/2016 02:00,0,0,13.6,13.5,13.7
12/05/2016,03:00:00,12/05/2016 03:00,0,0,13.3,13.1,13.4
12/05/2016,04:00:00,12/05/2016 04:00,0,0.2,13.1,13,13.2
12/05/2016,05:00:00,12/05/2016 05:00,0,0,13.2,13.1,13.4
12/05/2016,06:00:00,12/05/2016 06:00,24,0,13.3,13.2,13.5
12/05/2016,07:00:00,12/05/2016 07:00,60,0,13.8,13.5,14.3
12/05/2016,08:00:00,12/05/2016 08:00,169,0,14.8,14.4,15.2
12/05/2016,09:00:00,12/05/2016 09:00,535,0,16.4,15.2,17.5
12/05/2016,10:00:00,12/05/2016 10:00,718,0,18.1,17.5,19.2
12/05/2016,11:00:00,12/05/2016 11:00,724,0,18.9,18.3,19.6
12/05/2016,12:00:00,12/05/2016 12:00,527,0,19.7,19.1,20.5
12/05/2016,13:00:00,12/05/2016 13:00,159,1.6,17.5,16.3,19.6
12/05/2016,14:00:00,12/05/2016 14:00,215,0,18.1,17.3,18.7
12/05/2016,15:00:00,12/05/2016 15:00,150,0.2,17,15.8,18.7
12/05/2016,16:00:00,12/05/2016 16:00,59,1.8,15.4,15.1,15.8
12/05/2016,17:00:00,12/05/2016 17:00,157,0,16.8,15.9,17.8
12/05/2016,18:00:00,12/05/2016 18:00,127,0,18,17.8,18.3
12/05/2016,19:00:00,12/05/2016 19:00,45,0,16.8,15.7,17.8
12/05/2016,20:00:00,12/05/2016 20:00,0,0,14.6,14.1,15.4
12/05/2016,21:00:00,12/05/2016 21:00,0,0,13.4,12.8,14.2
12/05/2016,22:00:00,12/05/2016 22:00,0,0,12.5,12.2,12.7
12/05/2016,23:00:00,12/05/2016 23:00,0,0,11.6,11.2,12.6
13/05/2016,00:00:00,13/05/2016 00:00,0,0,10.6,10.2,11
13/05/2016,01:00:00,13/05/2016 01:00,0,0,10.3,9.8,10.7
13/05/2016,02:00:00,13/05/2016 02:00,0,0.2,10,9.6,10.2
13/05/2016,03:00:00,13/05/2016 03:00,0,0,10,9.9,10.1
13/05/2016,04:00:00,13/05/2016 04:00,0,0,10.5,10.1,10.7
13/05/2016,05:00:00,13/05/2016 05:00,1,0,11,10.6,11.3
13/05/2016,06:00:00,13/05/2016 06:00,48,0,11.7,11.3,12
13/05/2016,07:00:00,13/05/2016 07:00,139,0,12.4,12.1,12.7
13/05/2016,08:00:00,13/05/2016 08:00,358,0,13.4,12.5,14.2
13/05/2016,09:00:00,13/05/2016 09:00,598,0,16.3,14.6,18.3
13/05/2016,10:00:00,13/05/2016 10:00,731,0,19,18.3,19.9
13/05/2016,11:00:00,13/05/2016 11:00,798,0,20.1,19.6,20.7
13/05/2016,12:00:00,13/05/2016 12:00,820,0,21.2,20.6,21.7
13/05/2016,13:00:00,13/05/2016 13:00,538,0,21.2,20.6,21.9
13/05/2016,14:00:00,13/05/2016 14:00,548,0,21.4,21.1,21.9
13/05/2016,15:00:00,13/05/2016 15:00,398,0,21.5,21.3,21.6
13/05/2016,16:00:00,13/05/2016 16:00,220,0,21.1,20.6,21.5
13/05/2016,17:00:00,13/05/2016 17:00,42,0,19.9,19,20.5
13/05/2016,18:00:00,13/05/2016 18:00,0,0.2,16.6,15.2,18.8
13/05/2016,19:00:00,13/05/2016 19:00,0,4,14.8,14.4,15.2
13/05/2016,20:00:00,13/05/2016 20:00,0,8.8,14.2,14.1,14.3
13/05/2016,21:00:00,13/05/2016 21:00,0,1.2,14.2,14.1,14.4
13/05/2016,22:00:00,13/05/2016 22:00,0,0.8,14.3,14.3,14.4
13/05/2016,23:00:00,13/05/2016 23:00,0,0.4,14.4,14.4,14.5
14/05/2016,00:00:00,14/05/2016 00:00,0,0,14.7,14.4,14.9
14/05/2016,01:00:00,14/05/2016 01:00,0,0,14.8,14.7,14.9
14/05/2016,02:00:00,14/05/2016 02:00,0,0,14.7,14.5,14.8
14/05/2016,03:00:00,14/05/2016 03:00,0,0.6,14.6,14.5,14.6
14/05/2016,04:00:00,14/05/2016 04:00,0,0.8,14.4,14.2,14.6
14/05/2016,05:00:00,14/05/2016 05:00,2,0.2,14.5,14.4,14.8
14/05/2016,06:00:00,14/05/2016 06:00,57,0,14.7,14.5,15
14/05/2016,07:00:00,14/05/2016 07:00,190,0,15.7,15,16.3
14/05/2016,08:00:00,14/05/2016 08:00,431,0,17.1,16.3,17.6
14/05/2016,09:00:00,14/05/2016 09:00,608,0,18.7,17.8,19.6
14/05/2016,10:00:00,14/05/2016 10:00,739,0,20.1,19.6,20.7
14/05/2016,11:00:00,14/05/2016 11:00,825,0,20.8,20.4,21.2
14/05/2016,12:00:00,14/05/2016 12:00,871,0,21.1,20.6,21.4
14/05/2016,13:00:00,14/05/2016 13:00,870,0,21.8,21.3,22.1
14/05/2016,14:00:00,14/05/2016 14:00,775,0,21.7,21.3,22.2
14/05/2016,15:00:00,14/05/2016 15:00,681,0,21.5,21.4,21.7
14/05/2016,16:00:00,14/05/2016 16:00,183,0,21.6,21.4,21.9
14/05/2016,17:00:00,14/05/2016 17:00,34,0,21.6,21.3,21.9
14/05/2016,18:00:00,14/05/2016 18:00,90,0,20.7,20,21.3
14/05/2016,19:00:00,14/05/2016 19:00,21,0,18.6,17.6,19.9
14/05/2016,20:00:00,14/05/2016 20:00,0,0,16.6,16.1,17.4
14/05/2016,21:00:00,14/05/2016 21:00,0,0,15.5,15.1,16
14/05/2016,22:00:00,14/05/2016 22:00,0,0,15.1,14.6,15.2
14/05/2016,23:00:00,14/05/2016 23:00,0,0,14.3,13.9,14.6
15/05/2016,00:00:00,15/05/2016 00:00,0,0,13.7,13.5,13.9
15/05/2016,01:00:00,15/05/2016 01:00,0,0,13.8,13.6,13.9
15/05/2016,02:00:00,15/05/2016 02:00,0,0,13.7,13.5,14.1
15/05/2016,03:00:00,15/05/2016 03:00,0,0,13.6,13.5,13.6
15/05/2016,04:00:00,15/05/2016 04:00,0,0,13.4,13.3,13.5
15/05/2016,05:00:00,15/05/2016 05:00,8,0,13.7,13.4,14
15/05/2016,06:00:00,15/05/2016 06:00,68,0,14.4,14,15.2
15/05/2016,07:00:00,15/05/2016 07:00,260,0,16.4,15.5,17.4
15/05/2016,08:00:00,15/05/2016 08:00,425,0,18,17.5,18.5
15/05/2016,09:00:00,15/05/2016 09:00,569,0,19.3,18.7,20
15/05/2016,10:00:00,15/05/2016 10:00,667,0,20.6,20.1,21.3
15/05/2016,11:00:00,15/05/2016 11:00,554,0,20.9,20.2,21.7
15/05/2016,12:00:00,15/05/2016 12:00,558,0,21.4,21.1,22
15/05/2016,13:00:00,15/05/2016 13:00,864,0,22.5,22.1,23.2
15/05/2016,14:00:00,15/05/2016 14:00,760,0,22.5,21.8,23
15/05/2016,15:00:00,15/05/2016 15:00,588,0,22.1,21.1,22.9
15/05/2016,16:00:00,15/05/2016 16:00,289,0,21.1,20.8,21.4
15/05/2016,17:00:00,15/05/2016 17:00,132,0.6,19.3,17,20.3
15/05/2016,18:00:00,15/05/2016 18:00,27,1,16.4,16.1,16.8
15/05/2016,19:00:00,15/05/2016 19:00,15,0.6,16.5,16.2,16.8
15/05/2016,20:00:00,15/05/2016 20:00,0,0,16.2,15.9,16.5
15/05/2016,21:00:00,15/05/2016 21:00,0,0,15.1,14.6,15.9
15/05/2016,22:00:00,15/05/2016 22:00,0,0,14.4,13.9,14.7
15/05/2016,23:00:00,15/05/2016 23:00,0,0,14,13.7,14.4
16/05/2016,00:00:00,16/05/2016 00:00,0,0,13.1,12.7,13.6
16/05/2016,01:00:00,16/05/2016 01:00,0,0,12.8,12.6,12.9
16/05/2016,02:00:00,16/05/2016 02:00,0,0,12.6,12.2,12.8
16/05/2016,03:00:00,16/05/2016 03:00,0,0,11.8,11.5,12.1
16/05/2016,04:00:00,16/05/2016 04:00,0,0,11.4,11.2,12
16/05/2016,05:00:00,16/05/2016 05:00,4,0,11.1,10.7,11.5
16/05/2016,06:00:00,16/05/2016 06:00,34,0,12.2,11.6,12.6
16/05/2016,07:00:00,16/05/2016 07:00,82,0,13.2,12.7,13.9
16/05/2016,08:00:00,16/05/2016 08:00,281,0,14.8,14,15.8
16/05/2016,09:00:00,16/05/2016 09:00,474,0,16.6,15.9,17.7
16/05/2016,10:00:00,16/05/2016 10:00,468,0,17.8,17.4,18.5
16/05/2016,11:00:00,16/05/2016 11:00,600,0,19.3,17.7,21.3
16/05/2016,12:00:00,16/05/2016 12:00,472,0,20,19.5,20.8
16/05/2016,13:00:00,16/05/2016 13:00,636,0,21.3,19.6,23.1
16/05/2016,14:00:00,16/05/2016 14:00,643,0,22.3,20.6,23.5
16/05/2016,15:00:00,16/05/2016 15:00,339,0,21.7,21,23
16/05/2016,16:00:00,16/05/2016 16:00,242,0,22.7,22,23.4
16/05/2016,17:00:00,16/05/2016 17:00,58,0,22.8,22,23.3
16/05/2016,18:00:00,16/05/2016 18:00,104,0,22.1,21.5,22.9
16/05/2016,19:00:00,16/05/2016 19:00,38,0,20.9,19.5,21.9
16/05/2016,20:00:00,16/05/2016 20:00,0,0,18.5,18,19.3
16/05/2016,21:00:00,16/05/2016 21:00,0,0,18.2,18.1,18.4
16/05/2016,22:00:00,16/05/2016 22:00,0,5,16.8,16.3,18.1
16/05/2016,23:00:00,16/05/2016 23:00,0,0,16.4,16.1,16.7
17/05/2016,00:00:00,17/05/2016 00:00,0,0,15.8,15.4,16
17/05/2016,01:00:00,17/05/2016 01:00,0,0,15,14.7,15.4
17/05/2016,02:00:00,17/05/2016 02:00,0,0,13.8,13.3,14.5
17/05/2016,03:00:00,17/05/2016 03:00,0,0.2,13.4,12.9,13.6
17/05/2016,04:00:00,17/05/2016 04:00,0,0,13.2,12.9,13.4
17/05/2016,05:00:00,17/05/2016 05:00,13,0,12.9,12.6,13.6
17/05/2016,06:00:00,17/05/2016 06:00,75,0,13.7,13.6,13.8
17/05/2016,07:00:00,17/05/2016 07:00,109,0,14.1,13.8,14.4
17/05/2016,08:00:00,17/05/2016 08:00,327,0,15.5,14.3,16.4
17/05/2016,09:00:00,17/05/2016 09:00,398,0,17.1,16.4,17.9
17/05/2016,10:00:00,17/05/2016 10:00,498,0,18.5,17.6,20.1
17/05/2016,11:00:00,17/05/2016 11:00,314,0,18,16.9,18.8
17/05/2016,12:00:00,17/05/2016 12:00,49,3.8,15.7,14.9,16.6
17/05/2016,13:00:00,17/05/2016 13:00,121,3.6,14.8,14.7,14.9
17/05/2016,14:00:00,17/05/2016 14:00,186,1,14.8,14.5,15.3
17/05/2016,15:00:00,17/05/2016 15:00,223,0,15.2,14.6,15.8
17/05/2016,16:00:00,17/05/2016 16:00,154,0,14.5,14.2,15.2
17/05/2016,17:00:00,17/05/2016 17:00,117,0,14.3,14.1,14.5
17/05/2016,18:00:00,17/05/2016 18:00,46,0,13.9,13.7,14.2
17/05/2016,19:00:00,17/05/2016 19:00,1,0,13.1,12.7,13.6
17/05/2016,20:00:00,17/05/2016 20:00,0,0,12.4,12.1,12.6
17/05/2016,21:00:00,17/05/2016 21:00,0,0,11.8,11.6,12.1
17/05/2016,22:00:00,17/05/2016 22:00,0,0,11.2,10.8,11.7
17/05/2016,23:00:00,17/05/2016 23:00,0,0,10.8,10.7,10.8
18/05/2016,00:00:00,18/05/2016 00:00,0,0,10.4,10.3,10.7
18/05/2016,01:00:00,18/05/2016 01:00,0,0,9.7,9.1,10.3
18/05/2016,02:00:00,18/05/2016 02:00,0,0,8.4,8,9
18/05/2016,03:00:00,18/05/2016 03:00,0,0,7.9,7.5,8.1
18/05/2016,04:00:00,18/05/2016 04:00,0,0,7.1,6.9,7.4
18/05/2016,05:00:00,18/05/2016 05:00,8,0,7.1,6.8,7.6
18/05/2016,06:00:00,18/05/2016 06:00,85,0,8.7,7.7,9.7
18/05/2016,07:00:00,18/05/2016 07:00,270,0,11.6,9.9,12.8
18/05/2016,08:00:00,18/05/2016 08:00,449,0,14.1,13,14.7
18/05/2016,09:00:00,18/05/2016 09:00,618,0,15.2,14.6,15.5
18/05/2016,10:00:00,18/05/2016 10:00,708,0,16.4,15.8,17.1
18/05/2016,11:00:00,18/05/2016 11:00,881,0,17.6,16.6,18.9
18/05/2016,12:00:00,18/05/2016 12:00,978,0,18.3,17.5,19.4
18/05/2016,13:00:00,18/05/2016 13:00,613,0,17.7,16.9,18.6
18/05/2016,14:00:00,18/05/2016 14:00,568,0,17.9,17.3,18.8
18/05/2016,15:00:00,18/05/2016 15:00,500,0,18.1,17.1,19
18/05/2016,16:00:00,18/05/2016 16:00,266,0,18.8,17.9,19.6
18/05/2016,17:00:00,18/05/2016 17:00,125,0,18.5,17.8,19.2
18/05/2016,18:00:00,18/05/2016 18:00,152,0,18.1,17.3,18.7
18/05/2016,19:00:00,18/05/2016 19:00,49,0,16.1,15,17.1
18/05/2016,20:00:00,18/05/2016 20:00,0,0,14.1,13.2,15
18/05/2016,21:00:00,18/05/2016 21:00,0,0,11.8,11,13.1
18/05/2016,22:00:00,18/05/2016 22:00,0,0,10.4,9.6,11
18/05/2016,23:00:00,18/05/2016 23:00,0,0,9.3,9.1,9.6
19/05/2016,00:00:00,19/05/2016 00:00,0,0,9.7,9.4,9.8
19/05/2016,01:00:00,19/05/2016 01:00,0,0,9.4,9,9.8
19/05/2016,02:00:00,19/05/2016 02:00,0,0,8.6,8.3,9.1
19/05/2016,03:00:00,19/05/2016 03:00,0,0,7.7,7.3,8.2
19/05/2016,04:00:00,19/05/2016 04:00,0,0,7.1,6.9,7.4
19/05/2016,05:00:00,19/05/2016 05:00,11,0,7.2,6.9,7.8
19/05/2016,06:00:00,19/05/2016 06:00,71,0,8.1,7.6,9.2
19/05/2016,07:00:00,19/05/2016 07:00,164,0,10.6,9.4,11.3
19/05/2016,08:00:00,19/05/2016 08:00,163,0,11.4,11.1,11.7
19/05/2016,09:00:00,19/05/2016 09:00,215,0,12.1,11.6,12.4
19/05/2016,10:00:00,19/05/2016 10:00,316,0,12.9,12.2,13.7
19/05/2016,11:00:00,19/05/2016 11:00,432,0,14.4,13.9,15.6
19/05/2016,12:00:00,19/05/2016 12:00,852,0,16.2,15.1,17.3
19/05/2016,13:00:00,19/05/2016 13:00,687,0,17,16,18.1
19/05/2016,14:00:00,19/05/2016 14:00,505,0,17.7,16.9,18.7
19/05/2016,15:00:00,19/05/2016 15:00,422,0,17.1,16.3,18.6
19/05/2016,16:00:00,19/05/2016 16:00,133,0.6,14,12.1,17.1
19/05/2016,17:00:00,19/05/2016 17:00,144,0,14.9,14.1,15.5
19/05/2016,18:00:00,19/05/2016 18:00,108,0,13.7,13.3,14.6
19/05/2016,19:00:00,19/05/2016 19:00,52,0,13.6,12.5,14.4
19/05/2016,20:00:00,19/05/2016 20:00,0,0,11.6,11.2,12.4
19/05/2016,21:00:00,19/05/2016 21:00,0,0.6,10.7,9.9,11.9
19/05/2016,22:00:00,19/05/2016 22:00,0,0,8.8,8.4,9.6
19/05/2016,23:00:00,19/05/2016 23:00,0,0,8.2,8,8.4
20/05/2016,00:00:00,20/05/2016 00:00,0,0,7.9,7.5,8.3
20/05/2016,01:00:00,20/05/2016 01:00,0,0,7.8,7.5,8.1
20/05/2016,02:00:00,20/05/2016 02:00,0,0.2,7.4,7.2,8.1
20/05/2016,03:00:00,20/05/2016 03:00,0,0,8,7.2,8.6
20/05/2016,04:00:00,20/05/2016 04:00,0,0,7.5,7,7.9
20/05/2016,05:00:00,20/05/2016 05:00,13,0,7.9,7.5,8.2
20/05/2016,06:00:00,20/05/2016 06:00,92,0,9.1,8.3,10.7
20/05/2016,07:00:00,20/05/2016 07:00,272,0,11.8,10.9,12.8
20/05/2016,08:00:00,20/05/2016 08:00,453,0,13.9,13,14.9
20/05/2016,09:00:00,20/05/2016 09:00,619,0,15.6,15.1,16.1
20/05/2016,10:00:00,20/05/2016 10:00,767,0,16.9,16.1,17.9
20/05/2016,11:00:00,20/05/2016 11:00,841,0,18.1,17.5,18.9
20/05/2016,12:00:00,20/05/2016 12:00,834,0,18.9,17.8,19.8
20/05/2016,13:00:00,20/05/2016 13:00,749,0,19.8,18.7,20.6
20/05/2016,14:00:00,20/05/2016 14:00,724,0,20.2,19,21.2
20/05/2016,15:00:00,20/05/2016 15:00,582,0,20.6,19.9,21.3
20/05/2016,16:00:00,20/05/2016 16:00,280,0,20.1,19.1,20.7
20/05/2016,17:00:00,20/05/2016 17:00,98,0,19.5,19.2,20.2
20/05/2016,18:00:00,20/05/2016 18:00,111,0,18.5,18,19.3
20/05/2016,19:00:00,20/05/2016 19:00,52,0,16.9,15.9,17.8
20/05/2016,20:00:00,20/05/2016 20:00,0,0,14.4,13.5,15.7
20/05/2016,21:00:00,20/05/2016 21:00,0,0,13,12.5,13.6
20/05/2016,22:00:00,20/05/2016 22:00,0,0,12.2,11.9,12.5
20/05/2016,23:00:00,20/05/2016 23:00,0,0,11.6,10.9,12.1
21/05/2016,00:00:00,21/05/2016 00:00,0,0,11,10.8,11.2
21/05/2016,01:00:00,21/05/2016 01:00,0,0,11.5,11.3,11.9
21/05/2016,02:00:00,21/05/2016 02:00,0,0,11.9,11.8,12
21/05/2016,03:00:00,21/05/2016 03:00,0,0,11.7,11.4,11.9
21/05/2016,04:00:00,21/05/2016 04:00,0,0,11.1,10.9,11.4
21/05/2016,05:00:00,21/05/2016 05:00,12,0.2,11.3,10.9,11.8
21/05/2016,06:00:00,21/05/2016 06:00,67,0,12.9,11.9,13.8
21/05/2016,07:00:00,21/05/2016 07:00,224,0,14.6,13.9,15.4
21/05/2016,08:00:00,21/05/2016 08:00,451,0,17.2,16,18.1
21/05/2016,09:00:00,21/05/2016 09:00,625,0,19.6,18.4,20.4
21/05/2016,10:00:00,21/05/2016 10:00,753,0,21.3,20.5,22.2
21/05/2016,11:00:00,21/05/2016 11:00,761,0,22.2,21.1,22.8
21/05/2016,12:00:00,21/05/2016 12:00,881,0,23,22.2,23.4
21/05/2016,13:00:00,21/05/2016 13:00,675,0,23.2,22.4,24.1
21/05/2016,14:00:00,21/05/2016 14:00,631,0,23.1,22.4,24.1
21/05/2016,15:00:00,21/05/2016 15:00,497,0,23,22,24.1
21/05/2016,16:00:00,21/05/2016 16:00,274,0,23.2,22.6,23.9
21/05/2016,17:00:00,21/05/2016 17:00,100,0,22.9,22.1,23.6
21/05/2016,18:00:00,21/05/2016 18:00,125,0,21.7,20.6,22.3
21/05/2016,19:00:00,21/05/2016 19:00,48,0,19.6,18.5,20.4
21/05/2016,20:00:00,21/05/2016 20:00,0,0,16.9,15.8,18.1
21/05/2016,21:00:00,21/05/2016 21:00,0,0,14.8,14.2,15.7
21/05/2016,22:00:00,21/05/2016 22:00,0,0,13.9,13.6,14.3
21/05/2016,23:00:00,21/05/2016 23:00,0,0,13.2,12.9,13.5
22/05/2016,00:00:00,22/05/2016 00:00,0,0,13.2,12.8,13.6
22/05/2016,01:00:00,22/05/2016 01:00,0,0,12.7,12.6,12.8
22/05/2016,02:00:00,22/05/2016 02:00,0,0,12.3,12.1,12.6
22/05/2016,03:00:00,22/05/2016 03:00,0,0,11.8,11.3,12.3
22/05/2016,04:00:00,22/05/2016 04:00,0,0,10.7,10.4,11.1
22/05/2016,05:00:00,22/05/2016 05:00,10,0,11.1,10.8,11.6
22/05/2016,06:00:00,22/05/2016 06:00,108,0,12.8,11.9,13.7
22/05/2016,07:00:00,22/05/2016 07:00,230,0,15,13.8,16.8
22/05/2016,08:00:00,22/05/2016 08:00,420,0,18,17,19.1
22/05/2016,09:00:00,22/05/2016 09:00,605,0,21.3,19.7,22.8
22/05/2016,10:00:00,22/05/2016 10:00,701,0,23.1,22.5,24.4
22/05/2016,11:00:00,22/05/2016 11:00,703,0,23.7,23.1,24.3
22/05/2016,12:00:00,22/05/2016 12:00,851,0,24.7,23.7,25.7
22/05/2016,13:00:00,22/05/2016 13:00,701,0,24.8,23.4,25.6
22/05/2016,14:00:00,22/05/2016 14:00,877,0,25.8,25.1,26.8
22/05/2016,15:00:00,22/05/2016 15:00,662,0,25.7,24.9,26.2
22/05/2016,16:00:00,22/05/2016 16:00,236,0,24.6,24.1,25.2
22/05/2016,17:00:00,22/05/2016 17:00,116,0,24.1,23.2,24.7
22/05/2016,18:00:00,22/05/2016 18:00,63,0,22,21,24.3
22/05/2016,19:00:00,22/05/2016 19:00,36,0,21,20.8,21.3
22/05/2016,20:00:00,22/05/2016 20:00,3,0,19.9,18.9,20.7
22/05/2016,21:00:00,22/05/2016 21:00,0,0,17.6,16.1,18.8
22/05/2016,22:00:00,22/05/2016 22:00,0,0,15.2,14.6,16
22/05/2016,23:00:00,22/05/2016 23:00,0,0,14.2,13.7,14.5
23/05/2016,00:00:00,23/05/2016 00:00,0,0,13.5,13.2,14.1
23/05/2016,01:00:00,23/05/2016 01:00,0,0,13.8,13.4,14.1
23/05/2016,02:00:00,23/05/2016 02:00,0,0,12.9,12.4,14.1
23/05/2016,03:00:00,23/05/2016 03:00,0,0,12.3,12.1,12.5
23/05/2016,04:00:00,23/05/2016 04:00,0,0,11.9,11.7,12.3
23/05/2016,05:00:00,23/05/2016 05:00,16,0,12.3,12,12.8
23/05/2016,06:00:00,23/05/2016 06:00,103,0,14.6,13.1,16.1
23/05/2016,07:00:00,23/05/2016 07:00,267,0,17.5,16.4,18.7
23/05/2016,08:00:00,23/05/2016 08:00,445,0,19.8,18.8,21.2
23/05/2016,09:00:00,23/05/2016 09:00,605,0,21.9,21.3,22.8
23/05/2016,10:00:00,23/05/2016 10:00,691,0,23,22.3,23.6
23/05/2016,11:00:00,23/05/2016 11:00,574,0,23.2,22.5,24.2
23/05/2016,12:00:00,23/05/2016 12:00,532,0,23.4,22.7,24.5
23/05/2016,13:00:00,23/05/2016 13:00,755,0,24.3,23.4,25.1
23/05/2016,14:00:00,23/05/2016 14:00,217,0,21.4,19.9,24.1
23/05/2016,15:00:00,23/05/2016 15:00,204,0,21,20.1,21.5
23/05/2016,16:00:00,23/05/2016 16:00,195,0,21.3,20.8,21.9
23/05/2016,17:00:00,23/05/2016 17:00,203,0,20.1,19.1,21.3
23/05/2016,18:00:00,23/05/2016 18:00,127,0,20.1,19.6,20.6
23/05/2016,19:00:00,23/05/2016 19:00,96,0,19.6,18.9,20.4
23/05/2016,20:00:00,23/05/2016 20:00,0,0,17.3,16,18.6
23/05/2016,21:00:00,23/05/2016 21:00,0,0,15.7,14.9,16
23/05/2016,22:00:00,23/05/2016 22:00,0,0,14.8,13.8,15.4
23/05/2016,23:00:00,23/05/2016 23:00,0,0,14.3,13.7,15.2
24/05/2016,00:00:00,24/05/2016 00:00,0,0,13,12.6,13.4
24/05/2016,01:00:00,24/05/2016 01:00,0,0,11.8,11.3,12.4
24/05/2016,02:00:00,24/05/2016 02:00,0,0,11.3,11,11.8
24/05/2016,03:00:00,24/05/2016 03:00,0,0,11.4,11,11.8
24/05/2016,04:00:00,24/05/2016 04:00,0,0,11.8,11.3,12.1
24/05/2016,05:00:00,24/05/2016 05:00,20,0,11.9,11.5,12.5
24/05/2016,06:00:00,24/05/2016 06:00,117,0,13.8,12.5,15.3
24/05/2016,07:00:00,24/05/2016 07:00,282,0,17.2,15.9,18.3
24/05/2016,08:00:00,24/05/2016 08:00,464,0,19.7,17.6,20.9
24/05/2016,09:00:00,24/05/2016 09:00,621,0,21.4,20.8,22.6
24/05/2016,10:00:00,24/05/2016 10:00,754,0,22.6,22.1,23.2
24/05/2016,11:00:00,24/05/2016 11:00,866,0,23.7,23,24.5
24/05/2016,12:00:00,24/05/2016 12:00,852,0,24.4,23.7,25.1
24/05/2016,13:00:00,24/05/2016 13:00,662,0,24.5,23.7,25.8
24/05/2016,14:00:00,24/05/2016 14:00,879,0,25.6,24.9,25.9
24/05/2016,15:00:00,24/05/2016 15:00,245,0,23.1,21.9,25.2
24/05/2016,16:00:00,24/05/2016 16:00,215,0,21.9,21.2,22.8
24/05/2016,17:00:00,24/05/2016 17:00,181,0,23.1,22.4,24.3
24/05/2016,18:00:00,24/05/2016 18:00,102,0,22.3,22,23.1
24/05/2016,19:00:00,24/05/2016 19:00,30,0,20.6,19.5,22.1
24/05/2016,20:00:00,24/05/2016 20:00,0,0,18.4,17.5,19.3
24/05/2016,21:00:00,24/05/2016 21:00,0,0,16,14.6,17.3
24/05/2016,22:00:00,24/05/2016 22:00,0,0,13.8,13.3,14.5
24/05/2016,23:00:00,24/05/2016 23:00,0,0,12.7,12.3,13.7
25/05/2016,00:00:00,25/05/2016 00:00,0,0,12.9,12.3,13.4
25/05/2016,01:00:00,25/05/2016 01:00,0,0,12.4,12.3,12.7
25/05/2016,02:00:00,25/05/2016 02:00,0,0,12.9,12.6,13.4
25/05/2016,03:00:00,25/05/2016 03:00,0,0,13.3,13.2,13.4
25/05/2016,04:00:00,25/05/2016 04:00,0,0,12.8,12.6,12.9
25/05/2016,05:00:00,25/05/2016 05:00,14,0,13.3,13,14
25/05/2016,06:00:00,25/05/2016 06:00,57,0,14.2,13.9,14.8
25/05/2016,07:00:00,25/05/2016 07:00,175,0,16.2,14.8,17.4
25/05/2016,08:00:00,25/05/2016 08:00,316,0,18.2,17.2,19.2
25/05/2016,09:00:00,25/05/2016 09:00,385,0,20.2,19.5,21.4
25/05/2016,10:00:00,25/05/2016 10:00,638,0,22.1,21.5,22.8
25/05/2016,11:00:00,25/05/2016 11:00,766,0,23.4,23,24
25/05/2016,12:00:00,25/05/2016 12:00,944,0,24.6,23.4,25.9
25/05/2016,13:00:00,25/05/2016 13:00,687,0,24.7,24.1,25.5
25/05/2016,14:00:00,25/05/2016 14:00,407,0,23.8,21.6,25.6
25/05/2016,15:00:00,25/05/2016 15:00,371,0,21.5,20.7,22.1
25/05/2016,16:00:00,25/05/2016 16:00,18,15,17.5,15.2,20.5
25/05/2016,17:00:00,25/05/2016 17:00,27,2.8,15.4,14.9,15.8
25/05/2016,18:00:00,25/05/2016 18:00,37,0,15.6,15.4,15.8
25/05/2016,19:00:00,25/05/2016 19:00,20,0,15.9,15.6,16.2
25/05/2016,20:00:00,25/05/2016 20:00,0,0,15.3,14.9,15.6
25/05/2016,21:00:00,25/05/2016 21:00,0,0,14.7,14.4,15
25/05/2016,22:00:00,25/05/2016 22:00,0,0,14.2,13.7,14.4
25/05/2016,23:00:00,25/05/2016 23:00,0,0,13.7,13.5,13.8
26/05/2016,00:00:00,26/05/2016 00:00,0,0.2,13.8,13.6,14.1
26/05/2016,01:00:00,26/05/2016 01:00,0,0.2,14.3,14.1,14.5
26/05/2016,02:00:00,26/05/2016 02:00,0,1.8,14.7,14.5,14.8
26/05/2016,03:00:00,26/05/2016 03:00,0,0.6,14.8,14.7,14.9
26/05/2016,04:00:00,26/05/2016 04:00,0,0.2,14.7,14.4,14.8
26/05/2016,05:00:00,26/05/2016 05:00,0,0,14.5,14.4,14.6
26/05/2016,06:00:00,26/05/2016 06:00,16,0,14.6,14.4,14.9
26/05/2016,07:00:00,26/05/2016 07:00,33,0,15.1,14.9,15.3
26/05/2016,08:00:00,26/05/2016 08:00,60,1.2,14.7,14.6,14.9
26/05/2016,09:00:00,26/05/2016 09:00,61,1.6,14.6,14.5,14.7
26/05/2016,10:00:00,26/05/2016 10:00,114,1.2,15.1,14.8,15.6
26/05/2016,11:00:00,26/05/2016 11:00,162,1.8,15.6,15.4,15.7
26/05/2016,12:00:00,26/05/2016 12:00,205,1.4,16.1,15.5,16.4
26/05/2016,13:00:00,26/05/2016 13:00,325,0,16.9,16.2,17.4
26/05/2016,14:00:00,26/05/2016 14:00,478,0,18.1,17.4,18.7
26/05/2016,15:00:00,26/05/2016 15:00,470,0,18.7,18.3,19.3
26/05/2016,16:00:00,26/05/2016 16:00,308,0,19,18.4,19.8
26/05/2016,17:00:00,26/05/2016 17:00,127,0,19.5,18.9,19.9
26/05/2016,18:00:00,26/05/2016 18:00,108,0,18.1,17.7,19.1
26/05/2016,19:00:00,26/05/2016 19:00,45,0,17.8,17.1,18.5
26/05/2016,20:00:00,26/05/2016 20:00,0,0,16.5,16.1,17
26/05/2016,21:00:00,26/05/2016 21:00,0,0,15.4,15,15.9
26/05/2016,22:00:00,26/05/2016 22:00,0,0,15,14.9,15.2
26/05/2016,23:00:00,26/05/2016 23:00,0,0,14.7,14.5,14.9
27/05/2016,00:00:00,27/05/2016 00:00,0,0,14.6,14.4,14.7
27/05/2016,01:00:00,27/05/2016 01:00,0,0,14.7,14.7,14.8
27/05/2016,02:00:00,27/05/2016 02:00,0,0,14.4,13.9,14.8
27/05/2016,03:00:00,27/05/2016 03:00,0,0,13.5,13.3,13.7
27/05/2016,04:00:00,27/05/2016 04:00,0,0,13.1,12.7,13.4
27/05/2016,05:00:00,27/05/2016 05:00,1,0,13.8,13.2,14.2
27/05/2016,06:00:00,27/05/2016 06:00,51,0,14.7,14.2,15.3
27/05/2016,07:00:00,27/05/2016 07:00,190,0,15.9,15,17.2
27/05/2016,08:00:00,27/05/2016 08:00,461,0,18.7,17.3,20.3
27/05/2016,09:00:00,27/05/2016 09:00,478,0,19.8,18.5,21.8
27/05/2016,10:00:00,27/05/2016 10:00,665,0,21.6,20.5,22.9
27/05/2016,11:00:00,27/05/2016 11:00,484,0,21.8,20.3,23.4
27/05/2016,12:00:00,27/05/2016 12:00,364,0,21.7,21,23.3
27/05/2016,13:00:00,27/05/2016 13:00,756,0,23.5,22.5,24.9
27/05/2016,14:00:00,27/05/2016 14:00,742,0,23.7,22.4,24.7
27/05/2016,15:00:00,27/05/2016 15:00,704,0,23.9,23.1,24.5
27/05/2016,16:00:00,27/05/2016 16:00,283,0,23.5,22.9,24.4
27/05/2016,17:00:00,27/05/2016 17:00,208,0,23.2,22.4,23.9
27/05/2016,18:00:00,27/05/2016 18:00,86,0,21.1,20.4,21.9
27/05/2016,19:00:00,27/05/2016 19:00,42,0,19.7,18.9,20.3
27/05/2016,20:00:00,27/05/2016 20:00,0,0,18.2,17.7,18.7
27/05/2016,21:00:00,27/05/2016 21:00,0,0,17.2,16.9,17.6
27/05/2016,22:00:00,27/05/2016 22:00,0,0,16.6,16.5,16.9
27/05/2016,23:00:00,27/05/2016 23:00,0,0,16.3,16.1,16.4
28/05/2016,00:00:00,28/05/2016 00:00,0,0,15.8,15.3,16.1
28/05/2016,01:00:00,28/05/2016 01:00,0,0,15.3,15.3,15.5
28/05/2016,02:00:00,28/05/2016 02:00,0,0,15.1,15,15.1
28/05/2016,03:00:00,28/05/2016 03:00,0,0,14.7,14.6,14.9
28/05/2016,04:00:00,28/05/2016 04:00,0,0,14.6,14.5,14.7
28/05/2016,05:00:00,28/05/2016 05:00,0,0,14.7,14.4,15.1
28/05/2016,06:00:00,28/05/2016 06:00,22,0,15.2,15.1,15.4
28/05/2016,07:00:00,28/05/2016 07:00,36,0,15.7,15.5,16.1
28/05/2016,08:00:00,28/05/2016 08:00,33,0.6,16.5,16.2,16.8
28/05/2016,09:00:00,28/05/2016 09:00,60,0.6,16.5,16.3,16.7
28/05/2016,10:00:00,28/05/2016 10:00,257,0.4,17.7,16.7,19.2
28/05/2016,11:00:00,28/05/2016 11:00,541,0,20.2,19.4,21.4
28/05/2016,12:00:00,28/05/2016 12:00,448,0,19.9,19.7,20.1
28/05/2016,13:00:00,28/05/2016 13:00,609,0,21.1,20,22.5
28/05/2016,14:00:00,28/05/2016 14:00,562,0,21.6,21,22.3
28/05/2016,15:00:00,28/05/2016 15:00,707,0,22.8,22.5,23.5
28/05/2016,16:00:00,28/05/2016 16:00,337,0,23.2,22,24.1
28/05/2016,17:00:00,28/05/2016 17:00,81,0,22.9,22.5,23.5
28/05/2016,18:00:00,28/05/2016 18:00,130,0,22.5,21.8,23.2
28/05/2016,19:00:00,28/05/2016 19:00,72,0,21,20.2,21.7
28/05/2016,20:00:00,28/05/2016 20:00,1,0,18.6,17.7,19.9
28/05/2016,21:00:00,28/05/2016 21:00,0,0,17,16.5,17.6
28/05/2016,22:00:00,28/05/2016 22:00,0,0,16,15.2,16.4
28/05/2016,23:00:00,28/05/2016 23:00,0,0,14.7,14.3,15
29/05/2016,00:00:00,29/05/2016 00:00,0,0,14.8,14.6,15
29/05/2016,01:00:00,29/05/2016 01:00,0,0,14.7,14.4,14.9
29/05/2016,02:00:00,29/05/2016 02:00,0,0,14.3,13.9,14.7
29/05/2016,03:00:00,29/05/2016 03:00,0,0,13.9,13.7,14
29/05/2016,04:00:00,29/05/2016 04:00,0,0,13.9,13.6,14.4
29/05/2016,05:00:00,29/05/2016 05:00,16,0.2,14.1,14,14.4
29/05/2016,06:00:00,29/05/2016 06:00,95,0,15.6,14.6,16.9
29/05/2016,07:00:00,29/05/2016 07:00,265,0,18.4,17.2,19.4
29/05/2016,08:00:00,29/05/2016 08:00,451,0,20.7,19.5,21.9
29/05/2016,09:00:00,29/05/2016 09:00,575,0,23,21.9,24.2
29/05/2016,10:00:00,29/05/2016 10:00,698,0,25,24.6,25.5
29/05/2016,11:00:00,29/05/2016 11:00,618,0,25.2,24.6,26.2
29/05/2016,12:00:00,29/05/2016 12:00,347,2.6,23.4,22,24.6
29/05/2016,13:00:00,29/05/2016 13:00,694,0,23,22,23.7
29/05/2016,14:00:00,29/05/2016 14:00,595,0,24,23.5,24.8
29/05/2016,15:00:00,29/05/2016 15:00,297,6.4,21.8,18.9,25
29/05/2016,16:00:00,29/05/2016 16:00,331,0,20.6,20.3,21
29/05/2016,17:00:00,29/05/2016 17:00,174,0,21.6,21,22.2
29/05/2016,18:00:00,29/05/2016 18:00,93,0,22,21.7,22.6
29/05/2016,19:00:00,29/05/2016 19:00,65,0,21.6,21.1,21.9
29/05/2016,20:00:00,29/05/2016 20:00,5,0,20.5,20.2,20.9
29/05/2016,21:00:00,29/05/2016 21:00,0,0,20,19.6,20.2
29/05/2016,22:00:00,29/05/2016 22:00,0,0.6,19,18.4,19.7
29/05/2016,23:00:00,29/05/2016 23:00,0,0.2,18.2,18,18.4
30/05/2016,00:00:00,30/05/2016 00:00,0,0,17.9,17.8,18.1
30/05/2016,01:00:00,30/05/2016 01:00,0,0,17.5,17.2,17.8
30/05/2016,02:00:00,30/05/2016 02:00,0,0,17.4,17.2,17.4
30/05/2016,03:00:00,30/05/2016 03:00,0,0,17.1,17,17.3
30/05/2016,04:00:00,30/05/2016 04:00,0,0,16.7,16.5,16.9
30/05/2016,05:00:00,30/05/2016 05:00,0,0,16.2,15.8,16.5
30/05/2016,06:00:00,30/05/2016 06:00,44,0,16.6,16.1,16.9
30/05/2016,07:00:00,30/05/2016 07:00,125,0,16.9,16.7,17.2
30/05/2016,08:00:00,30/05/2016 08:00,214,0,17.6,17.1,18.1
30/05/2016,09:00:00,30/05/2016 09:00,293,0,19.4,18.2,20.1
30/05/2016,10:00:00,30/05/2016 10:00,405,0,20.6,19.9,21
30/05/2016,11:00:00,30/05/2016 11:00,642,0,22.8,21.2,24.2
30/05/2016,12:00:00,30/05/2016 12:00,843,0,24.7,22.2,26.1
30/05/2016,13:00:00,30/05/2016 13:00,709,0,24.6,23.9,25.5
30/05/2016,14:00:00,30/05/2016 14:00,314,0.4,23.5,18.8,25.2
30/05/2016,15:00:00,30/05/2016 15:00,60,6.6,18.2,17.5,19
30/05/2016,16:00:00,30/05/2016 16:00,148,0.2,19.7,18.9,20.1
30/05/2016,17:00:00,30/05/2016 17:00,93,0,21.6,20.2,23.1
30/05/2016,18:00:00,30/05/2016 18:00,158,0,22.4,21.7,23.2
30/05/2016,19:00:00,30/05/2016 19:00,49,0,21.8,21,22.6
30/05/2016,20:00:00,30/05/2016 20:00,0,0,20.5,20.2,20.9
30/05/2016,21:00:00,30/05/2016 21:00,0,0,20,19.7,20.2
30/05/2016,22:00:00,30/05/2016 22:00,0,0,19.1,18.8,19.7
30/05/2016,23:00:00,30/05/2016 23:00,0,0,18.6,18.4,18.8
31/05/2016,00:00:00,31/05/2016 00:00,0,0,18.1,17.8,18.4
31/05/2016,01:00:00,31/05/2016 01:00,0,0,17.5,17.2,17.9
31/05/2016,02:00:00,31/05/2016 02:00,0,0,16.8,16.4,17.1
31/05/2016,03:00:00,31/05/2016 03:00,0,0,16.4,16,16.8
31/05/2016,04:00:00,31/05/2016 04:00,0,0,15.8,15.6,16.1
31/05/2016,05:00:00,31/05/2016 05:00,12,0.2,15.8,15.4,16.3
31/05/2016,06:00:00,31/05/2016 06:00,92,0,17.3,16.4,18.1
31/05/2016,07:00:00,31/05/2016 07:00,273,0,19.3,18.5,20.8
31/05/2016,08:00:00,31/05/2016 08:00,236,0,20.9,20.7,21.2
31/05/2016,09:00:00,31/05/2016 09:00,242,0,21.3,20.9,21.8
31/05/2016,10:00:00,31/05/2016 10:00,632,0,22.4,21.9,23.1
31/05/2016,11:00:00,31/05/2016 11:00,678,0,23,22,23.9
31/05/2016,12:00:00,31/05/2016 12:00,770,0,23.9,21.8,25.4
31/05/2016,13:00:00,31/05/2016 13:00,832,0,25.8,25.1,26.4
31/05/2016,14:00:00,31/05/2016 14:00,683,0,26.7,25.6,27.4
31/05/2016,15:00:00,31/05/2016 15:00,585,0,26.9,26.1,27.7
31/05/2016,16:00:00,31/05/2016 16:00,139,0,24.4,21.5,25.9
31/05/2016,17:00:00,31/05/2016 17:00,159,0,22.3,21.2,23.9
31/05/2016,18:00:00,31/05/2016 18:00,40,0,23.5,22.7,24
31/05/2016,19:00:00,31/05/2016 19:00,0,0,21.9,21.4,22.5
31/05/2016,20:00:00,31/05/2016 20:00,0,0,20.8,20.3,21.3
31/05/2016,21:00:00,31/05/2016 21:00,0,0,20.1,19.5,20.5
31/05/2016,22:00:00,31/05/2016 22:00,0,0,19.1,19,19.5
31/05/2016,23:00:00,31/05/2016 23:00,0,0,18.9,18.8,19
